year,county,region,countyType,violentCrime,murder,rape,robbery,aggAssult,propertyCrime,burglary,larcenyTft,MVTft,arson,population
2011,Adams,Central,Rural,218,0,37,15,166,1555,272,1241,36,6,67213
2011,Alexander,South,Rural,119,0,14,4,101,290,92,183,11,4,8017
2011,Bond,South,Urban,6,1,0,0,5,211,58,147,5,1,17673
2011,Boone,North,Urban,59,0,24,8,27,733,152,563,14,4,54195
2011,Brown,Central,Rural,7,0,1,0,6,38,14,22,1,1,6873
2011,Bureau,Central,Rural,42,0,4,3,35,505,90,405,8,2,34651
2011,Calhoun,South,Urban,13,0,0,0,13,56,14,41,1,0,5070
2011,Carroll,North,Rural,8,0,1,0,7,206,38,165,2,1,15221
2011,Cass,Central,Rural,12,0,1,0,11,119,41,71,3,4,13633
2011,Champaign,Central,Urban,1210,5,127,208,870,5332,1384,3756,164,28,202681
2011,Christian,Central,Rural,42,0,3,3,36,369,77,271,19,2,34728
2011,Clark,South,Rural,42,0,0,1,41,145,65,76,3,1,16224
2011,Clay,South,Rural,10,1,2,0,7,192,23,159,8,2,13731
2011,Clinton,South,Urban,64,0,3,8,53,379,43,324,12,0,38132
2011,Coles,Central,Rural,135,1,24,13,97,803,186,585,19,13,53610
2011,Cook,Cook,Cook,33348,502,1986,16095,14765,178902,38485,116145,22879,1393,5215623
2011,Crawford,South,Rural,55,0,8,0,47,269,65,189,12,3,19784
2011,Cumberland,South,Rural,26,1,0,0,25,90,31,56,3,0,11073
2011,DeKalb,,,277,2,49,40,186,2515,377,2080,43,15,104364
2011,De Witt,Central,Rural,20,0,6,3,11,84,23,59,2,0,16555
2011,Douglas,Central,Rural,31,0,4,1,26,174,39,128,7,0,19821
2011,DuPage,,,788,8,110,207,463,15491,2140,12772,488,91,924462
2011,Edgar,Central,Rural,57,1,7,0,49,221,79,125,13,4,18401
2011,Edwards,South,Rural,10,0,0,1,9,49,20,29,0,0,6685
2011,Effingham,South,Rural,56,2,6,9,39,640,91,537,10,2,34286
2011,Fayette,South,Rural,22,0,0,1,21,277,57,206,14,0,22373
2011,Ford,Central,Urban,41,0,6,1,34,252,83,159,8,2,13947
2011,Franklin,South,Rural,127,2,4,5,116,1057,354,649,50,4,40012
2011,Fulton,Central,Rural,46,0,12,3,31,563,123,422,16,2,36945
2011,Gallatin,South,Rural,0,0,0,0,0,0,0,0,0,0,5516
2011,Greene,Central,Rural,34,0,1,0,33,154,49,100,2,3,13849
2011,Grundy,North,Urban,53,0,5,9,39,970,160,787,15,8,50068
2011,Hamilton,South,Rural,3,0,0,0,3,83,31,50,2,0,8419
2011,Hancock,Central,Rural,12,0,2,0,10,233,56,171,4,2,19031
2011,Hardin,South,Rural,8,0,0,1,7,33,9,23,1,0,4282
2011,Henderson,Central,Rural,28,0,0,5,23,108,31,72,0,5,7216
2011,Henry,Central,Urban,72,1,18,3,50,847,119,710,14,4,50305
2011,Iroquois,Central,Rural,25,0,9,0,16,416,143,266,5,2,29519
2011,Jackson,South,Rural,338,1,14,60,263,2255,645,1551,43,16,60293
2011,Jasper,South,Rural,25,0,1,0,24,130,39,82,8,1,9740
2011,Jefferson,South,Rural,232,1,17,20,194,1187,420,740,13,14,38764
2011,Jersey,South,Urban,78,0,16,7,55,462,77,369,13,3,22862
2011,Jo Daviess,North,Rural,24,1,3,0,20,245,43,196,6,0,22660
2011,Johnson,South,Rural,32,0,0,0,32,142,35,100,6,1,12853
2011,Kane,North,Collar,1061,8,131,237,685,8362,2009,6038,258,57,519940
2011,Kankakee,Central,Urban,403,4,57,132,210,3085,705,2260,90,30,113527
2011,Kendall,North,Urban,99,1,21,13,64,1495,270,1189,20,16,116809
2011,Knox,Central,Rural,141,1,20,19,101,1526,302,1177,42,5,52691
2011,LaSalle,,,135,1,22,9,103,2199,429,1719,36,15,113682
2011,Lake,North,Collar,1165,9,143,338,675,13067,2731,9915,345,76,701094
2011,Lawrence,South,Rural,21,0,0,0,21,76,27,48,1,0,16828
2011,Lee,North,Rural,76,0,24,5,47,774,198,565,9,2,35531
2011,Livingston,Central,Rural,89,2,11,7,69,891,126,633,12,120,38839
2011,Logan,Central,Rural,90,0,14,3,73,846,234,587,20,5,30307
2011,Macon,Central,Urban,569,10,33,131,395,3401,1315,1921,127,38,110630
2011,Macoupin,Central,Urban,74,1,13,0,60,725,171,528,20,6,47797
2011,Madison,South,Urban,695,10,105,116,464,6678,1571,4867,208,32,268583
2011,Marion,South,Rural,152,2,22,19,109,1375,349,968,52,6,39004
2011,Marshall,Central,Urban,18,0,4,1,13,133,51,70,11,1,12492
2011,Mason,Central,Rural,53,2,13,0,38,218,56,156,4,2,14483
2011,Massac,South,Rural,52,0,10,4,38,324,73,247,3,1,15321
2011,McDonough,Central,Rural,63,0,16,3,44,754,222,520,10,2,32478
2011,McHenry,North,Collar,373,5,58,48,262,4236,650,3496,69,21,307815
2011,McLean,Central,Urban,528,2,93,81,352,3598,879,2605,91,23,170813
2011,Menard,Central,Urban,2,0,1,0,1,63,17,40,5,1,12723
2011,Mercer,Central,Urban,36,5,10,1,20,204,65,136,3,0,16353
2011,Monroe,South,Urban,17,1,4,1,11,238,53,172,12,1,33235
2011,Montgomery,Central,Rural,132,1,5,3,123,533,132,376,18,7,29836
2011,Morgan,Central,Rural,94,0,21,5,68,520,144,360,9,7,35513
2011,Moultrie,Central,Rural,16,0,0,0,16,76,22,53,1,0,14919
2011,Ogle,North,Rural,36,0,8,2,26,649,132,497,16,4,53149
2011,Peoria,Central,Urban,1070,20,67,308,675,6946,2062,4511,303,70,186632
2011,Perry,South,Rural,22,0,4,2,16,218,63,149,4,2,22289
2011,Piatt,Central,Urban,31,1,5,1,24,153,54,93,6,0,16685
2011,Pike,Central,Rural,8,0,2,0,6,37,12,24,1,0,16362
2011,Pope,South,Rural,0,0,0,0,0,0,0,0,0,0,4490
2011,Pulaski,South,Rural,44,0,4,1,39,74,31,38,5,0,6002
2011,Putnam,Central,Rural,5,0,0,0,5,49,16,32,1,0,5973
2011,Randolph,South,Rural,37,0,11,0,26,253,78,172,1,2,33337
2011,Richland,South,Rural,27,1,9,3,14,361,65,275,19,2,16231
2011,Rock Island,Central,Urban,700,2,86,79,533,4319,859,3230,214,16,147431
2011,Saline,South,Rural,71,1,4,4,62,762,228,504,27,3,24953
2011,Sangamon,Central,Urban,1465,9,114,283,1059,8723,2293,6078,274,78,198933
2011,Schuyler,Central,Rural,8,0,0,0,8,51,14,35,2,0,7469
2011,Scott,Central,Rural,2,0,1,0,1,30,14,15,1,0,5233
2011,Shelby,Central,Rural,20,0,0,0,20,125,48,75,1,1,22302
2011,St. Clair,South,Urban,2365,38,144,458,1725,8909,2483,5534,789,103,270024
2011,Stark,Central,Urban,2,0,0,0,2,102,28,68,6,0,5841
2011,Stephenson,North,Rural,65,0,8,20,37,1174,290,860,17,7,47365
2011,Tazewell,Central,Urban,316,0,52,23,241,2422,565,1771,72,14,135787
2011,Union,South,Rural,22,0,1,0,21,256,64,180,12,0,17690
2011,Vermilion,Central,Urban,479,3,78,81,317,3295,1147,2032,101,15,81386
2011,Wabash,South,Rural,27,0,3,0,24,352,74,260,13,5,11820
2011,Warren,Central,Rural,52,0,10,3,39,658,162,478,12,6,17844
2011,Washington,South,Rural,33,0,0,0,33,71,24,45,1,1,14588
2011,Wayne,South,Rural,35,0,0,0,35,310,90,208,11,1,16623
2011,White,South,Rural,40,0,1,0,39,393,104,276,10,3,14592
2011,Whiteside,North,Rural,87,0,19,11,57,1314,293,981,38,2,58226
2011,Will,North,Collar,1045,17,93,202,733,11349,2544,8239,469,97,680667
2011,Williamson,South,Rural,327,3,19,20,285,1085,535,475,68,7,66750
2011,Winnebago,North,Urban,2430,27,150,622,1631,10569,2635,7239,598,97,293669
2011,Woodford,Central,Urban,15,1,4,0,10,350,90,247,10,3,38936
2012,Adams,Central,Rural,205,0,28,16,161,1587,287,1261,30,9,67164
2012,Alexander,South,Rural,127,1,2,5,119,280,82,184,12,2,7712
2012,Bond,South,Urban,5,0,0,2,3,232,59,162,10,1,17506
2012,Boone,North,Urban,1,0,0,0,1,1,1,0,0,0,53838
2012,Brown,Central,Rural,14,0,0,0,14,39,14,22,1,2,6891
2012,Bureau,Central,Rural,47,0,9,3,35,533,142,374,10,7,34340
2012,Calhoun,South,Urban,0,0,0,0,0,0,0,0,0,0,5025
2012,Carroll,North,Rural,7,0,1,0,6,219,45,171,2,1,15068
2012,Cass,Central,Rural,30,0,1,0,29,42,11,29,2,0,13410
2012,Champaign,Central,Urban,1157,4,129,226,798,5842,1585,4045,165,47,204080
2012,Christian,Central,Rural,42,0,4,0,38,356,84,240,23,9,34526
2012,Clark,South,Rural,37,0,4,0,33,138,49,80,4,5,16300
2012,Clay,South,Rural,5,0,2,0,3,242,38,200,3,1,13735
2012,Clinton,South,Urban,30,0,3,0,27,337,32,292,12,1,38056
2012,Coles,Central,Rural,147,2,26,14,105,689,140,517,14,18,53330
2012,Cook,Cook,Cook,32625,566,1836,15562,14661,171347,34152,115536,20241,1418,5232690
2012,Crawford,South,Rural,48,0,6,0,42,232,50,172,6,4,19627
2012,Cumberland,South,Rural,23,0,0,0,23,91,27,54,2,8,10942
2012,DeKalb,,,270,1,47,31,191,2244,337,1838,47,22,104261
2012,De Witt,Central,Rural,10,0,1,1,8,56,13,42,0,1,16503
2012,Douglas,Central,Rural,48,0,2,1,45,219,85,128,5,1,19820
2012,DuPage,,,821,7,116,246,452,15302,2125,12581,497,99,927997
2012,Edgar,Central,Rural,57,0,4,3,50,255,88,153,12,2,18163
2012,Edwards,South,Rural,15,0,0,0,15,61,19,40,2,0,6731
2012,Effingham,South,Rural,36,0,8,2,26,620,89,504,22,5,34362
2012,Fayette,South,Rural,38,0,10,0,28,350,91,249,9,1,22123
2012,Ford,Central,Urban,44,0,11,1,32,189,64,122,3,0,13982
2012,Franklin,South,Rural,140,0,6,9,125,818,256,521,39,2,39876
2012,Fulton,Central,Rural,64,0,14,5,45,618,148,452,16,2,36621
2012,Gallatin,South,Rural,0,0,0,0,0,0,0,0,0,0,5419
2012,Greene,Central,Rural,39,0,1,0,38,135,48,85,1,1,13623
2012,Grundy,North,Urban,33,1,3,1,28,989,163,811,7,8,50170
2012,Hamilton,South,Rural,0,0,0,0,0,11,7,4,0,0,8363
2012,Hancock,Central,Rural,2,0,1,0,1,249,57,187,5,0,18891
2012,Hardin,South,Rural,8,0,0,1,7,35,2,32,1,0,4259
2012,Henderson,Central,Rural,31,0,1,1,29,173,69,103,0,1,7051
2012,Henry,Central,Urban,61,0,18,0,43,809,98,692,13,6,50142
2012,Iroquois,Central,Rural,24,1,6,1,16,410,99,297,11,3,29294
2012,Jackson,South,Rural,347,1,29,53,264,2268,489,1687,72,20,58966
2012,Jasper,South,Rural,28,0,1,0,27,107,27,72,7,1,9643
2012,Jefferson,South,Rural,245,0,20,27,198,1204,326,832,30,16,38668
2012,Jersey,South,Urban,39,0,15,0,24,410,80,322,6,2,22724
2012,Jo Daviess,North,Rural,32,0,11,0,21,208,56,143,8,1,22522
2012,Johnson,South,Rural,30,0,1,1,28,133,17,110,6,0,12908
2012,Kane,North,Collar,971,6,144,217,604,7912,1775,5809,247,81,521840
2012,Kankakee,Central,Urban,346,8,49,82,207,2993,659,2195,93,46,112988
2012,Kendall,North,Urban,115,1,40,5,69,1574,242,1302,23,7,118360
2012,Knox,Central,Rural,156,2,20,14,120,1391,338,1027,22,4,52295
2012,LaSalle,,,116,0,14,14,88,2134,424,1655,37,18,113136
2012,Lake,North,Collar,1061,6,168,269,618,12730,2488,9869,316,57,701494
2012,Lawrence,South,Rural,13,1,1,0,11,133,33,90,5,5,16674
2012,Lee,North,Rural,34,2,11,2,19,631,158,462,8,3,35113
2012,Livingston,Central,Rural,87,1,13,7,66,909,144,654,20,91,38522
2012,Logan,Central,Rural,77,0,11,7,59,564,164,387,9,4,30381
2012,Macon,Central,Urban,420,6,35,109,270,3028,1120,1776,97,35,110103
2012,Macoupin,Central,Urban,84,0,7,1,76,620,141,457,16,6,47180
2012,Madison,South,Urban,606,11,85,119,391,5973,1416,4339,178,40,268092
2012,Marion,South,Rural,109,0,12,14,83,1187,285,852,44,6,38913
2012,Marshall,Central,Urban,22,0,2,1,19,105,48,55,1,1,12276
2012,Mason,Central,Rural,55,0,10,3,42,195,46,134,15,0,14343
2012,Massac,South,Rural,60,1,11,3,45,343,45,287,11,0,15150
2012,McDonough,Central,Rural,66,0,19,2,45,707,141,554,9,3,32500
2012,McHenry,North,Collar,303,1,72,27,203,3784,572,3135,47,30,307610
2012,McLean,Central,Urban,559,1,73,84,401,3687,768,2804,89,26,172599
2012,Menard,Central,Urban,2,0,1,0,1,80,25,54,1,0,12723
2012,Mercer,Central,Urban,40,1,4,3,32,209,68,137,3,1,16199
2012,Monroe,South,Urban,15,0,8,0,7,253,48,203,2,0,33330
2012,Montgomery,Central,Rural,98,0,5,3,90,514,101,393,16,4,29608
2012,Morgan,Central,Rural,80,0,13,8,59,529,126,394,5,4,35358
2012,Moultrie,Central,Rural,11,0,3,0,8,101,32,66,3,0,14974
2012,Ogle,North,Rural,23,1,1,1,20,435,106,318,7,4,52820
2012,Peoria,Central,Urban,1135,14,53,346,722,6700,1809,4540,290,61,187115
2012,Perry,South,Rural,37,0,5,0,32,195,62,119,11,3,21863
2012,Piatt,Central,Urban,25,0,8,1,16,150,67,75,5,3,16521
2012,Pike,Central,Rural,4,0,3,1,0,61,15,44,2,0,16267
2012,Pope,South,Rural,0,0,0,0,0,0,0,0,0,0,4330
2012,Pulaski,South,Rural,20,0,3,2,15,65,27,37,1,0,5967
2012,Putnam,Central,Rural,2,1,1,0,0,61,11,45,4,1,5881
2012,Randolph,South,Rural,33,0,4,2,27,256,62,184,9,1,32988
2012,Richland,South,Rural,35,0,10,1,24,303,51,238,7,7,16181
2012,Rock Island,Central,Urban,552,4,42,80,426,3904,720,3039,119,26,147713
2012,Saline,South,Rural,85,0,3,4,78,500,198,270,29,3,24969
2012,Sangamon,Central,Urban,1449,13,105,292,1039,8314,2043,5958,247,66,199296
2012,Schuyler,Central,Rural,7,0,0,0,7,62,7,54,1,0,7456
2012,Scott,Central,Rural,0,0,0,0,0,35,9,25,0,1,5292
2012,Shelby,Central,Rural,10,0,0,0,10,151,45,96,9,1,22245
2012,St. Clair,South,Urban,2086,29,182,348,1527,8257,2424,5108,656,69,268655
2012,Stark,Central,Urban,5,0,0,0,5,70,24,41,4,1,5939
2012,Stephenson,North,Rural,46,2,9,15,20,1128,280,833,10,5,46939
2012,Tazewell,Central,Urban,322,3,36,36,247,2573,653,1847,51,22,136126
2012,Union,South,Rural,35,1,0,0,34,284,47,229,8,0,17627
2012,Vermilion,Central,Urban,451,4,63,87,297,3054,949,1956,123,26,80804
2012,Wabash,South,Rural,24,0,2,0,22,275,46,218,10,1,11723
2012,Warren,Central,Rural,75,0,4,2,69,607,133,460,10,4,17729
2012,Washington,South,Rural,39,0,0,1,38,93,28,65,0,0,14609
2012,Wayne,South,Rural,51,0,3,1,47,291,87,198,4,2,16619
2012,White,South,Rural,37,2,5,2,28,307,64,224,19,0,14557
2012,Whiteside,North,Rural,105,0,24,8,73,1420,248,1129,42,1,57785
2012,Will,North,Collar,1120,22,101,244,753,11256,2385,8310,422,139,682369
2012,Williamson,South,Rural,236,0,14,14,208,1009,508,429,66,6,66776
2012,Winnebago,North,Urban,2465,14,191,554,1706,11039,2965,7484,497,93,291971
2012,Woodford,Central,Urban,23,0,3,1,19,405,65,329,10,1,38952
2013,Adams,Central,Rural,222,1,33,21,167,1564,297,1204,55,8,66996
2013,Alexander,South,Rural,140,2,2,8,128,331,81,209,17,24,7211
2013,Bond,South,Urban,5,0,0,1,4,214,46,159,9,0,17310
2013,Boone,North,Urban,54,3,17,6,28,583,107,455,18,3,53844
2013,Brown,Central,Rural,12,0,2,0,10,43,10,28,4,1,6859
2013,Bureau,Central,Rural,34,1,7,5,21,411,86,314,11,0,34091
2013,Calhoun,South,Urban,,,,,,,,,,,5040
2013,Carroll,North,Rural,17,0,1,0,16,214,44,159,9,2,14936
2013,Cass,Central,Rural,15,0,0,1,14,48,11,33,4,0,13297
2013,Champaign,Central,Urban,1064,7,112,215,730,5503,1275,4049,147,32,205785
2013,Christian,Central,Rural,43,1,12,3,27,385,102,261,20,2,34189
2013,Clark,South,Rural,28,1,3,0,24,103,40,52,10,1,16154
2013,Clay,South,Rural,5,0,0,0,5,221,42,173,6,0,13553
2013,Clinton,South,Urban,53,10,6,3,34,422,59,350,13,0,37871
2013,Coles,Central,Rural,102,1,21,7,73,659,150,474,11,24,53027
2013,Cook,Cook,Cook,30729,473,1786,14106,14364,151188,27253,107162,15544,1229,5246731
2013,Crawford,South,Rural,55,0,10,1,44,179,46,127,6,0,19504
2013,Cumberland,South,Rural,24,0,0,1,23,91,27,53,6,5,10898
2013,DeKalb,,,280,3,46,32,199,2116,264,1791,44,17,104055
2013,De Witt,Central,Rural,24,1,9,2,12,203,81,118,3,1,16389
2013,Douglas,Central,Rural,42,0,1,0,41,167,46,118,2,1,19804
2013,DuPage,,,669,12,117,169,371,13395,1650,11311,374,60,932096
2013,Edgar,Central,Rural,44,0,1,2,41,238,75,148,11,4,17933
2013,Edwards,South,Rural,15,1,0,0,14,78,28,44,3,3,6675
2013,Effingham,South,Rural,44,1,2,3,38,630,99,508,21,2,34319
2013,Fayette,South,Rural,32,0,8,3,21,242,68,166,8,0,22147
2013,Ford,Central,Urban,18,2,0,1,15,236,67,157,11,1,13800
2013,Franklin,South,Rural,94,0,0,6,88,627,177,421,27,2,39581
2013,Fulton,Central,Rural,49,0,8,2,39,598,120,451,21,6,36383
2013,Gallatin,South,Rural,7,0,0,0,7,73,22,47,2,2,5406
2013,Greene,Central,Rural,16,1,0,0,15,118,37,74,4,3,13500
2013,Grundy,North,Urban,37,0,6,7,24,804,137,645,13,9,50172
2013,Hamilton,South,Rural,,,,,,,,,,,8328
2013,Hancock,Central,Rural,2,0,0,0,2,175,51,122,2,0,18601
2013,Hardin,South,Rural,7,0,0,0,7,24,6,18,0,0,4246
2013,Henderson,Central,Rural,2,0,0,0,2,9,5,3,0,1,6956
2013,Henry,Central,Urban,50,0,14,0,36,652,85,558,7,2,49804
2013,Iroquois,Central,Rural,47,0,7,2,38,439,124,307,7,1,28977
2013,Jackson,South,Rural,328,2,22,50,254,1987,497,1419,52,19,59661
2013,Jasper,South,Rural,4,0,0,0,4,84,28,51,3,2,9564
2013,Jefferson,South,Rural,252,1,21,38,192,1231,346,852,26,7,38659
2013,Jersey,South,Urban,28,0,9,0,19,410,80,321,8,1,22614
2013,Jo Daviess,North,Rural,23,0,1,1,21,215,59,146,9,1,22358
2013,Johnson,South,Rural,31,0,0,0,31,97,11,86,0,0,12838
2013,Kane,North,Collar,924,6,108,195,615,7076,1297,5497,226,56,524302
2013,Kankakee,Central,Urban,334,6,49,84,195,2884,603,2173,72,36,112239
2013,Kendall,North,Urban,74,0,24,6,44,1400,227,1136,30,7,119838
2013,Knox,Central,Rural,150,2,32,13,103,1438,327,1075,34,2,52154
2013,LaSalle,,,134,1,20,8,105,1831,333,1469,20,9,112743
2013,Lake,North,Collar,1012,15,148,303,546,11459,2151,8993,263,52,703841
2013,Lawrence,South,Rural,19,0,2,1,16,142,41,89,7,5,16736
2013,Lee,North,Rural,25,0,14,0,11,582,142,427,11,2,35019
2013,Livingston,Central,Rural,82,5,16,8,53,823,121,577,13,112,37412
2013,Logan,Central,Rural,63,0,13,6,44,598,174,398,21,5,29876
2013,Macon,Central,Urban,422,5,19,87,311,2831,892,1832,82,25,109550
2013,Macoupin,Central,Urban,78,1,5,2,70,542,105,418,16,3,46846
2013,Madison,South,Urban,577,8,75,96,398,5867,1292,4319,228,28,267263
2013,Marion,South,Rural,98,0,23,7,68,1297,364,894,35,4,38588
2013,Marshall,Central,Urban,14,1,2,0,11,79,24,50,4,1,12116
2013,Mason,Central,Rural,34,1,4,1,28,187,49,135,3,0,14190
2013,Massac,South,Rural,44,0,2,1,41,278,53,219,3,3,14969
2013,McDonough,Central,Rural,76,0,17,3,56,658,183,459,11,5,32142
2013,McHenry,North,Collar,247,2,55,27,163,3269,374,2812,57,26,307043
2013,McLean,Central,Urban,569,3,82,93,391,3709,812,2799,87,11,174882
2013,Menard,Central,Urban,2,0,0,1,1,59,23,35,1,0,12599
2013,Mercer,Central,Urban,24,0,8,0,16,128,44,81,3,0,16146
2013,Monroe,South,Urban,14,1,4,2,7,154,54,98,2,0,33558
2013,Montgomery,Central,Rural,119,0,0,4,115,476,122,340,13,1,29339
2013,Morgan,Central,Rural,51,1,11,4,35,560,144,409,4,3,35022
2013,Moultrie,Central,Rural,8,0,2,0,6,51,22,29,0,0,14920
2013,Ogle,North,Rural,25,3,4,2,16,319,55,259,4,1,52335
2013,Peoria,Central,Urban,932,16,40,291,585,5699,1423,4002,230,44,188406
2013,Perry,South,Rural,29,0,3,0,26,165,25,131,7,2,21752
2013,Piatt,Central,Urban,26,0,4,1,21,104,43,58,2,1,16437
2013,Pike,Central,Rural,4,0,2,0,2,55,7,42,6,0,16115
2013,Pope,South,Rural,,,,,,,,,,,4338
2013,Pulaski,South,Rural,28,0,1,1,26,42,14,27,1,0,5893
2013,Putnam,Central,Rural,1,0,0,0,1,38,6,32,0,0,5817
2013,Randolph,South,Rural,40,0,4,1,35,372,104,247,18,3,33122
2013,Richland,South,Rural,30,0,11,1,18,308,81,216,9,2,16092
2013,Rock Island,Central,Urban,479,6,20,61,392,3649,698,2834,96,21,147626
2013,Saline,South,Rural,68,0,5,5,58,445,188,228,26,3,24868
2013,Sangamon,Central,Urban,1422,5,100,311,1006,7163,1650,5255,206,52,199034
2013,Schuyler,Central,Rural,4,1,0,0,3,44,15,27,2,0,7362
2013,Scott,Central,Rural,0,0,0,0,0,45,20,25,0,0,5208
2013,Shelby,Central,Rural,9,0,0,0,9,90,28,58,1,3,22186
2013,St. Clair,South,Urban,2007,30,159,418,1400,7295,1954,4747,548,46,266863
2013,Stark,Central,Urban,3,0,1,1,1,75,23,51,1,0,5891
2013,Stephenson,North,Rural,29,2,6,3,18,556,124,423,8,1,46719
2013,Tazewell,Central,Urban,277,4,34,23,216,2246,551,1648,36,11,136242
2013,Union,South,Rural,41,0,5,3,33,235,61,163,11,0,17559
2013,Vermilion,Central,Urban,524,4,77,89,354,3128,1181,1837,87,23,80530
2013,Wabash,South,Rural,22,0,0,0,22,254,51,195,7,1,11626
2013,Warren,Central,Rural,62,0,9,2,51,440,87,335,17,1,17606
2013,Washington,South,Rural,61,0,1,6,54,166,38,126,2,0,14426
2013,Wayne,South,Rural,24,0,4,3,17,240,81,156,1,2,16597
2013,White,South,Rural,19,0,0,0,19,144,47,90,2,5,14497
2013,Whiteside,North,Rural,70,0,16,8,46,1088,226,829,27,6,57452
2013,Will,North,Collar,1163,16,119,294,734,9708,1923,7293,388,104,684054
2013,Williamson,South,Rural,17,1,2,9,5,1018,504,421,79,14,67351
2013,Winnebago,North,Urban,2396,21,167,442,1766,10195,2665,6911,499,120,290902
2013,Woodford,Central,Urban,17,0,10,2,5,349,81,257,11,0,39179
2014,Adams,Central,Rural,222,2,34,13,173,1550,305,1201,39,5,67018
2014,Alexander,South,Rural,106,3,5,6,92,230,47,151,11,21,7098
2014,Bond,South,Urban,6,1,2,0,3,138,28,107,3,0,17124
2014,Boone,North,Urban,77,0,27,7,43,620,141,438,35,6,53793
2014,Brown,Central,Rural,3,0,1,0,2,19,4,14,0,1,6843
2014,Bureau,Central,Rural,41,0,10,6,25,376,80,290,4,2,33906
2014,Calhoun,South,Urban,,,,,,,,,,,4963
2014,Carroll,North,Rural,2,0,2,0,0,130,28,100,2,0,14790
2014,Cass,Central,Rural,60,0,0,0,60,63,12,47,1,3,13082
2014,Champaign,Central,Urban,981,11,101,222,647,5261,1262,3839,118,42,207424
2014,Christian,Central,Rural,34,0,5,3,26,287,64,202,18,3,33917
2014,Clark,South,Rural,25,1,2,0,22,59,22,32,4,1,16138
2014,Clay,South,Rural,6,0,1,1,4,162,23,132,7,0,13463
2014,Clinton,South,Urban,28,1,6,3,18,339,41,287,11,0,37802
2014,Coles,Central,Rural,118,1,18,12,87,624,175,428,8,13,52697
2014,Cook,Cook,Cook,28749,472,1833,11730,14714,133627,22603,97152,12794,1078,5248704
2014,Crawford,South,Rural,33,0,2,0,31,201,47,145,8,1,19375
2014,Cumberland,South,Rural,16,0,1,0,15,67,21,41,4,1,10906
2014,DeKalb,,,259,1,53,14,191,1959,258,1654,26,21,104693
2014,De Witt,Central,Rural,27,0,17,1,9,155,79,69,4,3,16246
2014,Douglas,Central,Rural,22,0,0,0,22,94,20,72,2,0,19864
2014,DuPage,,,666,10,111,170,375,11910,1335,10192,344,39,933769
2014,Edgar,Central,Rural,54,0,4,1,49,255,79,160,14,2,17800
2014,Edwards,South,Rural,5,0,0,0,5,29,7,22,0,0,6621
2014,Effingham,South,Rural,69,0,8,1,60,565,84,450,26,5,34321
2014,Fayette,South,Rural,27,0,8,0,19,272,46,218,8,0,21993
2014,Ford,Central,Urban,28,0,1,2,25,202,71,126,4,1,13708
2014,Franklin,South,Rural,55,0,0,9,46,506,121,354,29,2,39514
2014,Fulton,Central,Rural,41,0,13,2,26,433,96,317,13,7,35965
2014,Gallatin,South,Rural,6,0,2,0,4,57,17,37,3,0,5318
2014,Greene,Central,Rural,20,0,2,1,17,97,35,57,3,2,13296
2014,Grundy,North,Urban,44,0,5,4,35,681,118,556,6,1,50433
2014,Hamilton,South,Rural,2,0,0,0,2,47,14,30,3,0,8298
2014,Hancock,Central,Rural,8,1,0,1,6,159,29,123,5,2,18626
2014,Hardin,South,Rural,5,0,0,0,5,8,2,6,0,0,4219
2014,Henderson,Central,Rural,0,0,0,0,0,1,0,1,0,0,6994
2014,Henry,Central,Urban,57,1,13,1,42,702,115,573,12,2,49677
2014,Iroquois,Central,Rural,34,0,6,4,24,436,140,279,12,5,28802
2014,Jackson,South,Rural,251,2,51,95,103,1719,513,1151,52,3,59388
2014,Jasper,South,Rural,4,0,0,1,3,84,25,55,3,1,9619
2014,Jefferson,South,Rural,220,1,22,23,174,1192,266,885,29,12,38446
2014,Jersey,South,Urban,23,0,10,2,11,380,74,286,14,6,22552
2014,Jo Daviess,North,Rural,23,0,1,0,22,185,39,136,8,2,22357
2014,Johnson,South,Rural,26,0,1,0,25,76,14,62,0,0,12783
2014,Kane,North,Collar,948,12,122,207,607,6852,1118,5451,220,63,527501
2014,Kankakee,Central,Urban,323,11,43,112,157,2702,520,2077,79,26,111473
2014,Kendall,North,Urban,74,0,22,11,41,1334,191,1102,26,15,121816
2014,Knox,Central,Rural,149,2,33,20,94,1235,345,851,34,5,51977
2014,LaSalle,,,126,0,28,18,80,1921,363,1519,29,10,112001
2014,Lake,North,Collar,1032,13,145,275,599,11045,2020,8621,299,105,704149
2014,Lawrence,South,Rural,13,0,0,1,12,121,44,55,21,1,16596
2014,Lee,North,Rural,31,1,10,5,15,357,85,263,6,3,34886
2014,Livingston,Central,Rural,72,0,23,4,45,546,97,430,14,5,37000
2014,Logan,Central,Rural,85,0,7,5,73,508,102,383,20,3,29720
2014,Macon,Central,Urban,396,2,12,101,281,2657,737,1831,65,24,108381
2014,Macoupin,Central,Urban,63,0,4,2,57,607,162,431,12,2,46354
2014,Madison,South,Urban,444,3,77,75,289,4756,894,3644,201,17,266635
2014,Marion,South,Rural,114,1,19,10,84,923,265,617,40,1,38483
2014,Marshall,Central,Urban,12,0,1,1,10,87,39,46,1,1,11998
2014,Mason,Central,Rural,31,0,6,1,24,200,37,161,2,0,13914
2014,Massac,South,Rural,46,0,14,4,28,330,65,258,5,2,14876
2014,McDonough,Central,Rural,76,1,15,6,54,473,74,389,8,2,31591
2014,McHenry,North,Collar,276,2,63,27,184,3240,410,2753,50,27,306975
2014,McLean,Central,Urban,484,3,84,61,336,3124,570,2451,88,15,174110
2014,Menard,Central,Urban,8,0,3,0,5,42,10,31,1,0,12566
2014,Mercer,Central,Urban,3,0,0,0,3,34,5,28,1,0,15978
2014,Monroe,South,Urban,13,0,2,2,9,166,56,107,3,0,33695
2014,Montgomery,Central,Rural,44,0,1,9,34,331,76,245,9,1,29058
2014,Morgan,Central,Rural,31,1,10,4,16,624,123,493,6,2,34924
2014,Moultrie,Central,Rural,3,0,1,0,2,11,5,5,1,0,14892
2014,Ogle,North,Rural,31,0,6,3,22,260,54,201,4,1,52023
2014,Peoria,Central,Urban,892,7,85,248,552,6143,1496,4363,238,46,187185
2014,Perry,South,Rural,23,1,1,2,19,162,42,117,3,0,21602
2014,Piatt,Central,Urban,21,0,5,2,14,94,28,63,2,1,16447
2014,Pike,Central,Rural,15,1,6,0,8,165,36,122,5,2,15989
2014,Pope,South,Rural,,,,,,,,,,,4269
2014,Pulaski,South,Rural,17,0,0,1,16,33,7,25,1,0,5816
2014,Putnam,Central,Rural,0,0,0,0,0,28,10,17,1,0,5795
2014,Randolph,South,Rural,35,0,6,1,28,323,47,270,5,1,33048
2014,Richland,South,Rural,45,0,11,1,33,340,62,259,18,1,16103
2014,Rock Island,Central,Urban,476,1,41,55,379,3490,596,2786,94,14,146903
2014,Saline,South,Rural,67,0,3,8,56,437,156,263,16,2,24579
2014,Sangamon,Central,Urban,1438,6,119,272,1041,6511,1349,4920,177,65,199103
2014,Schuyler,Central,Rural,10,0,2,0,8,61,10,46,4,1,7238
2014,Scott,Central,Rural,2,0,1,0,1,22,6,10,4,2,5166
2014,Shelby,Central,Rural,9,0,0,0,9,74,24,48,1,1,22069
2014,St. Clair,South,Urban,1590,39,153,293,1105,5838,1227,4116,435,60,265552
2014,Stark,Central,Urban,3,0,0,0,3,73,29,41,2,1,5835
2014,Stephenson,North,Rural,53,2,18,17,16,808,148,640,15,5,46352
2014,Tazewell,Central,Urban,230,2,61,19,148,2082,524,1493,49,16,135532
2014,Union,South,Rural,36,1,11,0,24,307,70,217,20,0,17471
2014,Vermilion,Central,Urban,470,1,73,85,311,2784,912,1767,91,14,79837
2014,Wabash,South,Rural,21,0,1,0,20,180,45,132,3,0,11549
2014,Warren,Central,Rural,37,0,4,2,31,262,57,189,12,4,17801
2014,Washington,South,Rural,52,0,1,1,50,163,57,103,2,1,14394
2014,Wayne,South,Rural,44,0,1,0,43,200,47,149,2,2,16515
2014,White,South,Rural,19,0,0,1,18,207,36,160,11,0,14346
2014,Whiteside,North,Rural,98,1,21,9,67,896,215,653,20,8,57084
2014,Will,North,Collar,1063,15,118,253,677,8484,1615,6428,339,102,685621
2014,Williamson,South,Rural,36,1,6,7,22,865,332,485,39,9,67263
2014,Winnebago,North,Urban,2187,21,181,473,1512,9122,2305,6246,482,89,288574
2014,Woodford,Central,Urban,25,0,4,0,21,283,50,218,13,2,39234
2015,Adams,Central,Rural,227,5,39,9,174,1268,274,944,43,7,67013
2015,Alexander,South,Rural,107,0,3,3,101,194,58,119,9,8,6780
2015,Bond,South,Urban,5,1,0,0,4,130,39,84,7,0,16950
2015,Boone,North,Urban,0,0,0,0,0,1,0,0,0,1,53585
2015,Brown,Central,Rural,9,0,1,0,8,11,4,5,2,0,6829
2015,Bureau,Central,Rural,53,1,17,4,31,360,110,244,6,0,33587
2015,Calhoun,South,Urban,,,,,,,,,,,4899
2015,Carroll,North,Rural,8,0,2,1,5,168,25,140,3,0,14616
2015,Cass,Central,Rural,62,0,0,0,62,92,15,71,6,0,12847
2015,Champaign,Central,Urban,918,7,127,205,579,5568,1100,4235,196,37,208861
2015,Christian,Central,Rural,37,0,1,6,30,255,64,167,21,3,33642
2015,Clark,South,Rural,7,0,1,0,6,96,27,61,6,2,15979
2015,Clay,South,Rural,11,0,0,0,11,180,27,150,2,1,13428
2015,Clinton,South,Urban,37,0,5,2,30,386,44,319,13,10,37786
2015,Coles,Central,Rural,173,1,33,14,125,632,146,463,13,10,52521
2015,Cook,Cook,Cook,28791,534,1911,11217,15129,124784,20550,90675,12547,1012,5238216
2015,Crawford,South,Rural,42,0,2,0,40,240,55,167,14,4,19414
2015,Cumberland,South,Rural,9,0,0,0,9,33,10,19,4,0,10898
2015,DeKalb,,,297,1,71,35,190,1876,223,1595,41,17,104352
2015,De Witt,Central,Rural,10,0,7,0,3,130,45,80,3,2,16247
2015,Douglas,Central,Rural,48,0,1,1,46,125,31,85,9,0,19823
2015,DuPage,,,833,4,159,222,448,11705,1322,9983,338,62,933736
2015,Edgar,Central,Rural,34,0,3,2,29,276,109,143,21,3,17664
2015,Edwards,South,Rural,4,0,0,0,4,19,9,10,0,0,6534
2015,Effingham,South,Rural,50,0,7,3,40,648,118,501,24,5,34371
2015,Fayette,South,Rural,16,0,9,0,7,226,34,187,5,0,22043
2015,Ford,Central,Urban,51,0,8,3,40,203,63,133,5,2,13736
2015,Franklin,South,Rural,46,0,4,2,40,458,142,291,22,3,39485
2015,Fulton,Central,Rural,44,1,9,4,30,397,76,297,19,5,35699
2015,Gallatin,South,Rural,6,0,1,0,5,61,19,39,2,1,5265
2015,Greene,Central,Rural,28,0,7,0,21,127,49,76,2,0,13241
2015,Grundy,North,Urban,41,0,14,6,21,541,109,413,8,11,50541
2015,Hamilton,South,Rural,2,0,0,0,2,63,18,35,8,2,8200
2015,Hancock,Central,Rural,7,0,3,0,4,53,18,28,7,0,18543
2015,Hardin,South,Rural,7,0,1,0,6,30,6,21,3,0,4135
2015,Henderson,Central,Rural,0,0,0,0,0,0,0,0,0,0,6995
2015,Henry,Central,Urban,62,0,23,1,38,704,88,604,12,0,49489
2015,Iroquois,Central,Rural,40,0,6,4,30,384,102,269,12,1,28672
2015,Jackson,South,Rural,173,1,41,42,89,1626,367,1207,45,7,59362
2015,Jasper,South,Rural,2,0,0,0,2,18,3,15,0,0,9607
2015,Jefferson,South,Rural,249,2,22,32,193,1168,263,858,25,22,38353
2015,Jersey,South,Urban,35,0,23,0,12,380,83,289,6,2,22372
2015,Jo Daviess,North,Rural,23,0,6,2,15,268,64,193,9,2,22086
2015,Johnson,South,Rural,36,1,1,0,34,64,15,45,4,0,12762
2015,Kane,North,Collar,999,13,119,225,642,6556,1005,5276,239,36,530847
2015,Kankakee,Central,Urban,311,5,39,82,185,2451,491,1845,78,37,110879
2015,Kendall,North,Urban,97,0,36,19,42,1229,165,1030,30,4,123355
2015,Knox,Central,Rural,196,1,27,18,150,1068,230,797,37,4,51441
2015,LaSalle,,,163,2,42,16,103,1982,333,1611,27,11,111333
2015,Lake,North,Collar,1036,14,155,269,598,10287,1695,8121,368,103,703910
2015,Lawrence,South,Rural,18,0,1,0,17,98,40,42,16,0,16491
2015,Lee,North,Rural,56,0,21,6,29,397,94,282,18,3,34584
2015,Livingston,Central,Rural,74,1,19,7,47,407,80,319,7,1,36671
2015,Logan,Central,Rural,62,0,4,10,48,434,83,329,19,3,29494
2015,Macon,Central,Urban,423,6,35,125,257,2810,721,1992,66,31,107303
2015,Macoupin,Central,Urban,81,2,10,4,65,555,113,424,15,3,46045
2015,Madison,South,Urban,483,2,101,68,312,4683,829,3631,187,36,266209
2015,Marion,South,Rural,129,4,33,10,82,846,198,602,40,6,38339
2015,Marshall,Central,Urban,16,1,5,0,10,64,20,42,2,0,11982
2015,Mason,Central,Rural,33,0,9,2,22,169,41,121,5,2,13701
2015,Massac,South,Rural,46,0,6,3,37,366,75,275,15,1,14766
2015,McDonough,Central,Rural,90,0,21,3,66,416,76,326,7,7,31333
2015,McHenry,North,Collar,298,2,70,18,208,3067,366,2627,53,21,307343
2015,McLean,Central,Urban,455,0,103,59,293,2946,544,2278,114,10,173166
2015,Menard,Central,Urban,11,0,0,0,11,63,19,44,0,0,12444
2015,Mercer,Central,Urban,0,0,0,0,0,82,21,60,1,0,15858
2015,Monroe,South,Urban,6,1,2,1,2,184,52,126,6,0,33879
2015,Montgomery,Central,Rural,40,0,2,2,36,440,91,337,9,3,28898
2015,Morgan,Central,Rural,67,1,7,4,55,654,112,530,7,5,34828
2015,Moultrie,Central,Rural,2,0,0,0,2,16,2,14,0,0,14931
2015,Ogle,North,Rural,20,0,3,2,15,263,53,197,11,2,51659
2015,Peoria,Central,Urban,933,16,89,333,495,5695,1322,4138,184,51,186221
2015,Perry,South,Rural,29,1,1,1,26,168,25,134,9,0,21543
2015,Piatt,Central,Urban,25,0,4,0,21,138,43,93,1,1,16387
2015,Pike,Central,Rural,11,0,1,3,7,113,19,92,2,0,15989
2015,Pope,South,Rural,,,,,,,,,,,4226
2015,Pulaski,South,Rural,2,0,0,0,2,4,2,2,0,0,5678
2015,Putnam,Central,Rural,0,0,0,0,0,22,7,15,0,0,5644
2015,Randolph,South,Rural,34,0,11,3,20,240,45,186,7,2,32852
2015,Richland,South,Rural,37,0,12,1,24,327,52,253,18,4,16029
2015,Rock Island,Central,Urban,503,3,59,61,380,3363,577,2676,92,18,146133
2015,Saline,South,Rural,65,2,3,4,56,523,181,305,30,7,24548
2015,Sangamon,Central,Urban,1499,11,147,276,1065,6397,1388,4693,251,65,198712
2015,Schuyler,Central,Rural,3,0,0,0,3,25,3,21,0,1,7032
2015,Scott,Central,Rural,1,0,0,0,1,12,5,6,1,0,5092
2015,Shelby,Central,Rural,12,0,1,0,11,84,15,63,6,0,21775
2015,St. Clair,South,Urban,1664,32,153,315,1164,6301,1467,4344,428,62,264052
2015,Stark,Central,Urban,5,0,1,0,4,49,7,36,4,2,5788
2015,Stephenson,North,Rural,74,1,19,14,40,812,158,631,14,9,45749
2015,Tazewell,Central,Urban,331,1,66,13,251,2145,439,1635,63,8,134800
2015,Union,South,Rural,28,0,5,0,23,218,43,166,8,1,17408
2015,Vermilion,Central,Urban,614,0,96,96,422,2892,981,1794,102,15,79282
2015,Wabash,South,Rural,24,0,0,0,24,145,35,103,2,5,11542
2015,Warren,Central,Rural,44,0,9,4,31,223,50,169,3,1,17527
2015,Washington,South,Rural,79,0,0,0,79,157,31,118,7,1,14270
2015,Wayne,South,Rural,32,0,5,0,27,133,33,97,3,0,16423
2015,White,South,Rural,32,0,1,0,31,150,38,100,9,3,14327
2015,Whiteside,North,Rural,102,0,30,10,62,874,179,675,18,2,57079
2015,Will,North,Collar,1035,18,164,228,625,9166,1877,6848,358,83,687263
2015,Williamson,South,Rural,52,3,13,8,28,724,205,471,45,3,67466
2015,Winnebago,North,Urban,2692,22,197,563,1910,8279,1958,5635,618,68,287078
2015,Woodford,Central,Urban,29,0,5,0,24,227,35,186,6,0,39227
